model,accuracy,roc_auc
LogisticRegression,0.8161816891412349,0.7454635792437401
RandomForest,0.8041163946061036,0.7132389474882773
